{"cameraMode":{"drawMode":0,"name":"Shaded","section":"Shading Mode"},"sceneLighting":true,"audioPlay":false,"sceneViewState":{"m_AlwaysRefresh":false,"showFog":true,"showSkybox":true,"showFlares":true,"showImageEffects":true,"showParticleSystems":true,"showVisualEffectGraphs":true,"m_FxEnabled":true},"in2DMode":false,"pivot":{"x":0.5130857229232788,"y":1.2983355522155762,"z":-9.753546714782715},"rotation":{"x":-0.2311236560344696,"y":0.09235991537570954,"z":-0.022046435624361039,"w":-0.9682860374450684},"size":0.6158785820007324,"orthographic":false}